Name,Stars,Reservation,Address,Style,Opinion,The_chef's_commitment
온지음,1,,"종로구 효자로 49, 4층, SEOUL, 대한민국",,"경복궁 돌담길이 가진 전통미와 '온지음 맛공방'이 위치한 주택가의 현대미가 길 하나를 사이에 두고 조화롭게 공존한다. 레스토랑 내부에서 확인할 수 있는 한국의 전통 의식주 양식 역시 모던한 외관과 대조를 이루며 과거와 현재가 공존하고 있음을 느끼게 한다. '온지음'이 운영하는 식문화 연구소이자 레스토랑이기도 한 이곳에서는 조선 왕조 궁중 음식 이수자 조은희 방장과 박성배 연구원, 그리고 이들이 이끄는 젊은 팀원들이 온고지신의 마음으로 한식의 전통을 이어가고 있다. 뚜렷한 사계절을 반영하는 음식에서 한식의 깊은 뿌리를 느낄 수 있고, 오랜 연구 끝에 탄생한 아름다운 음식을 통해 감동을 얻을 수 있는 곳이다.",
용금옥,0,,"종로구 자하문로 41-2, SEOUL, 대한민국",,1932년에 영업을 개시한 오랜 전통의 추어탕 전문점 용금옥. 종로구에 위치한 한정자 대표의 용금옥은 중구의 용금옥과 한 뿌리를 두고 있으나 현재는 각자의 길을 걷고 있다. 한국의 대표적 보양식인 추어탕을 사시사철 제공하는 이곳에선 서울식 통추어탕과 삶은 미꾸라지를 갈아 넣은 남도식 추어탕을 함께 선보인다. 좋은 재료로 정성껏 준비하는 모든 음식에는 오랜 세월 용금옥을 지켜온 주인장의 애정 어린 손맛이 고스란히 담겨 있다. 계절을 불문하고 많은 이들의 사랑을 받고 있는 따뜻한 추어탕 한 그릇이 아련한 추억을 선사한다.,
황생가 칼국수,0,,"종로구 북촌로 5길 78, SEOUL, 대한민국",,"하루 종일 길게 줄을 서는 이곳은 칼국수와 만두 전문점이다. 2001년에 북촌 칼국수로 시작해 2014년에 황생가 칼국수로 상호를 변경했지만, 예나 지금이나 맛있는 사골 칼국수와 만두를 먹기 위해 이곳을 찾는 손님들의 발걸음은 여전하다. 입구에서 잰 손놀림으로 만드는 왕만두는 매일 아침, 시장에서 선별한 신선한 재료로 그때그때 빚어 더없이 신선하다. 부드러운 칼국수의 면과 깊은 사골 육수의 맛이 일품이고, 옛날식 수육과 여름 한철 선보이는 콩국수도 별미이니 꼭 한번 맛보길 바란다.",
할매집,0,,"종로구 사직로 12길 1-5, SEOUL, 대한민국",,"1975년, 문경자 할머니가 내자동에서 창업한 후 2006년에 현재 위치로 이전했다. 여타 다른 곳과는 달리 고춧가루로 매운맛을 내기 때문에 잡내 없는 깔끔한 맛을 느낄 수 있다. 감자탕도 깻잎과 들깻가루가 아닌 콩나물과 부추만을 사용해 시원하고 알싸한 맛이 일품이다. 여전히 주방 일을 도맡아 하시는 할머님이 테이블마다 돌아다니며 맛있게 먹는 법을 설명해주신다. 지방과 살이 많은 뒷다리와 지방은 적지만 부드러운 앞다리 중 선택은 자유다. 양도 푸짐하므로 여러 명이 함께 가길 추천한다.",
"꽃, 밥에피다",0,,"종로구 인사동 16길 3-6, SEOUL, 대한민국",,"건강에 민감한 현대인들을 위해 친환경 유기농 재료만을 사용해 정갈한 한 끼 식사를 제공하는 ‘꽃, 밥에피다’는 인사동에 위치한 한식 레스토랑이다. 식재료뿐 아니라 인테리어, 담음새 등 구석구석 정성이 가득 느껴지는 이곳은 농인 법인에서 직접 운영하며, 유기농 농장에서만 재료를 납품받는다. 이곳의 대표 메뉴는 노란 달걀 지단 보자기에 단아하게 싸여 나오는 ‘보자기 비빔밥’. 지단을 걷으면 한 송이 꽃이 피어 있는 듯 밥 위에 곱게 놓여 있는 색색가지 나물들이 눈부터 즐겁게 만든다."," 꽃, 밥에 피다'는 식재료의 95%를 유기농과 친환경, 동물복지 인증, 무농약과 유기가공, 바이오다이나믹 인증을 받은 농장과의 직거래를 통해 조달하고 있으며, 이를 통해 건강한 농축산물을 생산하는 농장과 상생을 도모하고 있습니다.아울러 직접 농업 법인을 설립하여 경북 봉하마을의 유기농 쌀을 비롯해 경남 거창의 콩으로 만든 전통 된장과 간장 같은 친환경 식재료의 전파에도 힘을 쏟고 있습니다."
떼레노,1,,"종로구 북촌로 69, SEOUL, 대한민국",스페니시,"스페인 요리에 셰프의 자연주의 감성이 더해진 매력적인 요리를 선보이는 떼레노. 셰프가 직접 운영하는 농장의 식재료를 위주로 스페인 요리에 한국의 계절감을 입혔다. 스페인 퀴진의 기본과 전통의 풍미는 지키면서도 직접 키운 제철 재료가 그 본연의 향과 식감, 특성을 잃지 않게 하는 데 많은 연구와 노력을 기울인다. 이러한 요소들이 어우러져 맛의 즐거움을 느낄 수 있는 스페인 요리가 만들어진다. 예술과 자연을 주제로 꾸민 떼레노의 공간이 차분한 분위기의 다이닝 환경을 연출한다.",
미진,0,,"종로구 종로 19, 르메이에르 종로타운 116-2호, SEOUL, 대한민국",메밀국수,"1952년부터 광화문 일대를 지켜온 터줏대감인 미진은 한국식 냉메밀국수 전문점으로, 일본식 소바 쯔유보다 진한 맛의 간장 육수와 더 쫄깃한 식감의 메밀 면발을 선보인다. 식당 지하에 운영하는 공장에서 육수와 면을 직접 생산해 손님들에게 바로바로 제공한다. 한 주전자 가득 담긴 차가운 육수와 테이블마다 인심 좋게 제공하는 메밀국수 고명은 기호에 따라 가감이 가능하다. 숙주와 두부, 신김치와 돼지고기 소로 채운 메밀전병 역시 이 집의 인기 메뉴인데, 1인분의 반인 한 줄씩도 판매한다.",
개성만두 궁,0,,"종로구 인사동 10길 11-3, SEOUL, 대한민국",만두,"1970년, 개성 출신의 할머니가 시작해 3대째 계승되어온 개성만두 궁은 딸의 손을 거쳐 현재는 손녀가 운영하고 있다. 개성 만두의 특징은 무엇보다 크고 꽉 찬 속인데, 이곳의 만두소는 배추와 숙주나물을 넉넉히 넣어 담백하고 삼삼한 맛이 일품이다. 만둣국과 떡국엔 양지를 고아 만든 육수를 사용하며, 만두소는 매일 신선한 재료로 정성스레 버무린다. 단아한 한옥에서 건강한 음식의 맛을 즐길 수 있다.",
이문설농탕,0,,"종로구 우정국로 38-13, SEOUL, 대한민국",설렁탕,"1900년대 초, 한국의 첫 음식점으로 공식 기재된 종로구 견지동의 이문설농탕. 100여 년이 넘는 역사를 자랑하는 이곳은 오래전 최초로 개업했을 당시 사용했던 ‘설농탕’이라는 이름을 지금까지 고수하고 있다. 큰 무쇠솥에 17시간 동안 사골을 고아 기름을 말끔히 제거한 후 남은 뽀얗고 맑은 국물 맛이 이 집의 자존심이라 할 수 있다. 전성근 대표는 “좋은 재료로 대중음식점에 걸맞은 단순하지만 맛있는 음식을 제공하는 것이 목표”라고 말한다. 원하는 고기 양에 따라 보통 혹은 특을 선택할 수 있다.",
광화문 국밥,0,,"중구 세종대로 21길 53, SEOUL, 대한민국",돼지국밥,"광화문 국밥은 박찬일 셰프가 운영하는 돼지국밥 전문점으로, 흰색 간판의 정갈한 이미지가 그의 음식과 꼭 닮아 있다. 흑돼지 엉덩이 살과 듀록 돼지 어깨 살로만 맛을 내는 이곳의 돼지국밥은 맑고 깨끗한 동시에 은은한 향과 깊은 맛을 자랑한다. 국밥이지만 국물과 밥을 따로 내는 이유는 갓 지은 밥맛을 최대한 살리기 위해서라고 한다. 거기에 넉넉하게 올려 내는 부추 고명이 육수에 향긋함을 더해준다. 편안하게 한 끼 식사를 즐기기에 안성맞춤인 곳이다.",
묘미,1,,"종로구 율곡로 83, 아라리오 스페이스 5층, SEOUL, 대한민국",컨템퍼러리,"창덕궁이 보이는 아름다운 공간에서 묘미의 2막이 시작 되었다. 주방의 바통을 이어받은 김정묵 셰프를 중심으로 이전과는 사뭇 다른 스타일을 보여준다. 한식 위주의 재료 사용과 요리 기법은 그대로 살리되 묘미라는 이름에 걸맞게 ‘묘한 맛’을 더함으로써 음식에 대한 현대적 해석을 시도한다. 이를테면, 과일청을 섞은 동치미 국물 베이스에 복숭아와 수박 등을 넣어 화채로 만드는 식이다. 음식과 공간이 주는 힘을 느끼고 싶다면 예약은 필수이다.",
남포면옥,0,,"중구 을지로 3길 24, SEOUL, 대한민국",냉면,"남포면옥은 사람들의 발길이 끊기지 않는 오피스 빌딩 밀집 지역의 활기 넘치는 좁은 골목에 위치한 이북식 냉면집이다. 평양식 냉면, 어복쟁반, 전 요리를 전문으로 하는 남포면옥은 남녀노소를 불문하고 오랜 세월에 걸쳐 대중적인 사랑을 받아왔다. 늘 손님들로 분주한 분위기 속에서도 군더더기 없는 서비스와 한결같이 밝은 종업원들의 응대가 매력적인 남포면옥은 테이블식 좌석과 방석식 테이블의 룸으로 구성되어 있다.",
대성집,0,,"종로구 사직로 5, SEOUL, 대한민국",도가니탕,"뽀얗고 맑은 국물에 고기가 붙은 도가니와 쫄깃한 힘줄이 풍성하게 들어 있는 대성집은 해장국집으로 시작해 현재 도가니탕 전문점이 되었다. 진한 국물 속에 가득 담겨있는 도가니에서 소박한 여유와 정감을 느낄 수 있다. 김치와 함께 밥을 가득 말아 특제 간장 소스에 찍어 먹으면 훌륭한 한 끼 식사가 된다. 국내산 식재료만을 고집했지만, 수량이 모자라 현재는 미국산을 조금 섞어 사용한다. 늘 문전성시를 이루며, 선택에 따라 포장도 가능하다.",
우육면관,0,,"종로구 청계천로 75-2, SEOUL, 대한민국",국수,"노포들이 즐비한 종각역 부근 청계천로에 위치한 우육면관은 작은 입구에 흰색과 적갈색의 인테리어가 시선을 끌어당긴다. 흔히 우육면은 대만 음식으로 알고 있지만 사실 우육면은 중국 란저우시에서 유래한, 모든 중화권의 대중적인 음식이다. 이곳에서는 셰프가 중국 산동성에서 직접 전수받은 레시피를 사용하여 대만식과는 조금 다른 우육면을 선보인다. 깔끔하고 진하면서 살짝 단맛이 도는 국물에 고수를 듬뿍 올려 먹거나, 라장을 추가하여 좀 더 진한 맛을 즐길 수 있다. 단일 메뉴만 판매하나 중국식 물만두와 오이소채를 곁들여 먹을 수 있으니 참고하길. ",
피에르 가니에르,1,,"중구 을지로 30, 롯데호텔 35층, SEOUL, 대한민국",프렌치,소공동 롯데 호텔 신관 최상층에 위치한 이곳은 프랑스 파리 출신의 세계적인 셰프 피에르 가니에르가 2008년 오픈한 프렌치 파인 다이닝 레스토랑이다. 고급 인테리어와 우아한 다이닝 공간을 자랑하는 이곳은 피에르 가니에르 셰프의 팀이 한국의 식재료를 바탕으로 만들어 내는 모던한 프랑스 요리를 선보이고 있다. 250여 종 이상의 고급 와인이 준비되어 있는 유리 와인 저장고와 모든 룸에서 내려다보이는 멋진 도심 경관은 시각적 즐거움도 충족시켜 준다. 정중하고 전문적인 서비스도 매력적이다.,
주옥,2,,"중구 소공로 119, 더 플라자호텔 3층, SEOUL, 대한민국",한식,"구슬과 옥 같은 귀한 요리를 선보이고자 하는 신창호 셰프의 마음이 담긴 '주옥'. 시대의 흐름과 수요에 따라 한식의 모습은 진화하지만 장(醬)과 초(醋)처럼 오랜 전통을 가진 발효 문화는 쉽게 변하지 않는다. 주옥이 선보이는 음식의 출발점은 바로 직접 담가 발효시킨 30여 가지의 초와 장이다. 전국을 돌며 직접 조달한 식재료, 그리고 진주의 가족 텃밭에서 손수 재배해 짠 들깨 기름 등에서 손님을 극진히 대접하고자 하는 신창호 셰프의 정성을 느낄 수 있다. 더 플라자 호텔 3층에 위치한 주옥의 새로운 공간에서 역동적인 서울 시내의 정취를 물씬 느껴보자.",
유림면,0,,"중구 서소문로 139-1, SEOUL, 대한민국",메밀국수,"서소문동에서 50년 이상 영업을 이어온, 오랜 역사를 지니고 있는 유림면. 1980년에 지금의 자리로 이전해 3대째 운영하고 있는 가족 경영 식당이다. 이곳에선 신안의 비금도 소금과 봉평 메밀만을 이용해 면을 직접 만드는데, 미리 숙성시켜 놓은 면을 주문과 동시에 삶아 낸다. 김민경 대표는 이렇게 숙성 과정을 거친 면은 글루텐 형성이 최소화되어 식감이 훨씬 부드럽고 소화가 잘 된다고 설명한다. 메뉴 중 나물과 지단, 그리고 달콤한 양념을 올려 내는 비빔 메밀국수는 든든한 한 끼 식사로 충분하다. 또한 깔끔한 국물이 매력적인 메밀국수와 어묵을 푸짐히 담아 내는 가락국수도 이곳의 인기 메뉴다.",
자하 손만두,0,,"종로구 백석동길 12, SEOUL, 대한민국",만두,"할머니와 어머니의 요리 솜씨를 이어받은 박혜경 대표의 자하 손만두. 1993년부터 부암동을 지켜온 만두 전문점으로 박 대표가 살던 집을 개조해 만든 레스토랑이다. 이 집 만둣국의 특징은 일체의 조미료를 배제하고 직접 담근 조선간장으로 맛을 낸 삼삼한 국물에 있다. 국내산 밀가루로 만든 쫄깃한 만두피도 빼놓을 수 없다. 정성껏 준비한 건강한 음식을 푸짐하게 대접하고자 하는 자하 손만두의 소신이 느껴지는 대목이다. 한편, 단아한 내부와 인왕산의 절경이 한눈에 들어오는 훌륭한 조망도 이 집의 매력을 한층 높여준다.",
만족오향족발,0,,"중구 서소문로 134-7, SEOUL, 대한민국",족발,"예로부터 한국인들의 대중적인 사랑을 받아온 족발을 ‘최고의 맛으로 제공하자’는 일념하에 달려온 만족오향족발은 철저한 위생 관리는 물론, 중앙 공급 시스템과 통합 물류 시스템을 체계적으로 운영해 전 매장에서 균등한 품질의 족발을 제공한다. 국내 최초로 온족을 개발한 이곳은 묵묵히 한길을 걸어온 전문점답게 품질 만족도가 높은 편이다. 현재 세 곳의 직영점을 운영하고 있다.",
하동관,0,,"중구 명동 9길 12, SEOUL, 대한민국",곰탕,"1939년부터 한결같은 맛으로 명성을 유지해온 명동의 터줏대감 하동관. 오랜 세월의 노하우가 고스란히 담긴 이곳의 곰탕은 깔끔하면서도 깊은 맛을 자랑한다. 곰탕 한 그릇에 양지, 내포, 양 등 소의 다양한 부위를 골고루 푸짐하게 내오는 것이 이 집의 특징이다. 맑은 고깃국물에 밥을 토렴해 내오는 곰탕에 다진 파를 넉넉하게 얹어 서울식 깍두기와 함께 먹으면 든든한 한 끼 식사로 그만이다. 분주한 아침과 점심시간에는 줄 서서 기다려야 하며, 다른 손님들과 합석하는 경우도 빈번하다. 이곳은 그날 준비한 분량을 모두 소진하면 영업을 종료한다. 계산은 선불제이고, 포장도 가능하다.",
명동교자,0,,"중구 명동 10길 29, SEOUL, 대한민국",칼국수,"1966년에 개점한 명동교자는 전통 조리법을 고수하는 칼국수 전문점으로 가족 경영 음식점이다. 선보이는 메뉴는 4가지 품목으로 단출하지만, 만두와 칼국수는 오랫동안 이곳을 대중들에게 알린 대표 메뉴라 할 수 있다. 소박한 서비스와 인테리어, 합리적인 가격 덕에 명동교자 밖에는 항상 손님들이 줄지어 문전성시를 이룬다. 한편, 같은 구역에 본점과 동일한 메뉴를 제공하는 2호점을 운영하고 있다.",
라망 시크레,1,,"중구 퇴계로 67, 레스케이프 호텔 26층, SEOUL, 대한민국",컨템퍼러리,"비밀스러운 연인'을 뜻하는 '라망 시크레'. 레스케이프 호텔 26층에 자리 잡고 있는 이곳은 그 이름처럼 비밀스러운 분위기의 공간에 세련된 인테리어로 손님들을 맞는다. 미국에서 오랜 경력을 쌓고 돌아온 손종원 셰프는 '한국 스타일의 양식'을 현대적으로 풀어 낸다. 한국의 다양한 식재료를 서양 요리의 테크닉과 접목시켜 만들어 내는 음식은 신선하면서도 사뭇 익숙하게 다가온다. '라망 시크레'에서는, 좋은 재료와 그 재료를 공급하는 생산자의 마음이 주방을 거쳐 손님에게 전달되는 소통 과정을 중시하는 셰프의 마음을 느낄 수 있다.",
멘텐,0,,"중구 삼일대로 305, SEOUL, 04537, 대한민국",라멘,"명동역 인근 골목 초입에 위치한 1인 셰프 라멘 레스토랑 ‘멘텐’. 이곳은 쇼유 라멘과 탄탄멘 단 두 종류만을 만들어낸다. 혼자 모든 공정을 감당해야 하기에 셰프는 메뉴의 가짓수를 줄이는 대신 품질에 더 많은 노력을 쏟는다. 두 라멘 모두 청탕 수프를 사용하여 맑은 맛과 자극적인 맛을 비교적 균형 있게 잡았다. 재료 하나하나의 익힘과 조리 상태가 상당히 정교하고, 특히 소유 라멘 수프의 깊은 풍미와 감칠맛이 일품이다. “복잡하지 않고 심플하지만 완성도는 높게”라는 셰프의 표현과 잘 어울리는 라멘이다. ",
부촌육회,0,,"종로구 종로 200-12, SEOUL, 대한민국",육회,"국내 최초 사설 시장인 광장시장의 육회 골목 한편에 자리 잡고 있는 부촌육회. 1965년에 부촌 식당으로 개업한 이곳은 1980년대부터 갈비탕과 함께 전라도식 육회를 조금씩 선보이기 시작했다. 고추장 양념에 버무리는 전라도식 육회를 참기름과 배를 넣은 서울식 육회로 바꾼 이유는 손님들의 입맛에 맞추기 위해서다. 매일 아침 공급받는 신선한 국내산 쇠고기를 사용해 고소한 맛이 일품이다. 이곳에선 육회뿐만 아니라 육회 물회, 육회 비빔밥 같은 메뉴도 선보여 한 끼 식사로 즐기기에도 더할 나위 없다. 광장시장의 활기찬 분위기는 덤이다.",
우래옥,0,,"중구 창경궁로 62-29, SEOUL, 대한민국",냉면,"서울 시내 최고의 평양식 냉면 전문점 중 하나로 손꼽히는 우래옥은 1946년 개업한 이래 꾸준히 전통을 이어오고 있는 유서 깊은 레스토랑이다. 이 집의 대표 메뉴는 전통 평양냉면과 불고기. 오랜 세월에 걸쳐 습득한 노하우와 국내산 재료만을 사용하는 뚝심으로 한결같은 맛을 자랑하는 냉면과 고품질의 한우를 제공한다. 레스토랑 내부가 상당히 넓은 편이라 많은 손님들이 몰리는 바쁜 시간에도 효율적인 좌석 배치가 가능하지만, 그럼에도 문 앞엔 항상 긴 줄이 늘어서 있다.",
제로 콤플렉스,1,,"중구 퇴계로 6가길 30, 3층, SEOUL, 대한민국",이노베이티브,시간이 지날수록 제로 컴플렉스의 요리는 뚜렷한 색깔을 뽐낸다. 맛의 조화와 균형을 가장 중요시하는 이충후 셰프의 접근법은 개성 있고 창의적인 요리로 이어진다. 백지처럼 깨끗한 레스토랑의 인테리어도 이곳 음식의 한몫을 담당한다. 레스토랑 건물 앞에 온실을 만들어 각종 허브와 채소를 재배하는 정성과 재료 본연의 맛을 최대한 살리기 위해 활용하는 조리법에서 그의 고집스러운 요리 세계를 엿볼 수 있다. 내추럴 와인에 집중하는 소믈리에의 페어링 또한 이곳의 음식과 결을 함께한다.,
충무로 쭈꾸미 불고기,0,,"중구 퇴계로 31길 11, SEOUL, 대한민국",바비큐,"어린 시절, 한정식 레스토랑을 운영하셨던 어머니의 영향으로 식당을 운영하게 되었다는 현 대표가 1976년에 문을 연 충무로 쭈꾸미 불고기. 이곳은 숯불에 구운 주꾸미 불고기 메뉴로 40년 동안 외길을 걸어온 충무로의 명물로 한 끼 식사, 또는 안주로 여전히 많은 이들의 사랑을 받고 있다. 이 집의 특제 주꾸미 양념은 ‘마력의 소스’라 불릴 만큼 감칠맛이 있고 또 맛있게 맵다. 주꾸미와 키조개 관자를 함께 내오는 모둠도 이곳의 인기 메뉴다. 식사의 마무리로는 매콤한 ‘쭈꾸미 야채 볶음밥’을 추천한다.",
오장동 함흥냉면,0,,"중구 마른내로 108, SEOUL, 대한민국",냉면,"최근 몇 년 동안 각광받고 있는 평양냉면과는 또 다른 매력으로 사랑받아온 함흥식 냉면 전문점. 2015년 11월에 재단장을 마친 오장동 함흥냉면은 1953년 개업한 이래로 지금까지 한자리를 꾸준히 지켜온, 오랜 역사를 지닌 가족 경영 음식점이다. 이곳의 간판 메뉴는 함흥식 냉면의 특징을 제대로 살린, 매콤함에 감칠맛까지 더한 이 집의 특제 양념으로 조리한 비빔냉면이다. 오랫동안 냉면 애호가들의 사랑을 받아온, 소박하지만 정성이 가득 담긴 함흥냉면을 즐기기에 제격인 곳이다.",
필동면옥,0,,"중구 서애로 26, SEOUL, 대한민국",냉면,중구 필동에 자리하고 있는 남산골 한옥마을 인근의 평양냉면 레스토랑. 내로라하는 평양냉면 전문점 중 하나인 필동면옥은 오랜 세월 많은 이들에게 사랑받아왔다. 자칫 특징 없이 밍밍하다고 느낄 수 있을 만큼 깔끔한 맛을 자랑하는 이곳 육수에서 나는 섬세한 육 향과 은은한 감칠맛에 중독되어 단골이 된 손님들도 많다고. 두툼하면서도 부드럽고 촉촉한 돼지 수육은 이 집의 또 다른 명물이다. 정통 평양냉면을 선보이는 곳들 중에서도 특유의 섬세함을 가장 잘 표현해낸다는 평을 받는 곳이기도 하다.,
황금콩밭,0,,"마포구 마포대로 16길 9, SEOUL, 대한민국",두부,"100% 국내산 콩과 소금으로 매일 새벽 당일 판매할 두부를 만드는 두부 전문점. 황금콩밭의 두부는 진한 두유와 소량의 간수를 사용해 콩 특유의 고소하면서도 달달한 맛과 우유처럼 부드러운 식감을 자랑한다. 출판사를 운영하는 작가 출신의 윤태현 대표는 본인이 즐기는 건강한 음식을 주변 사람들과 나누고픈 마음에 손수 담근 청국장과 쌀과 누룩, 물 이외에는 아무것도 넣지 않은 전통 탁주도 함께 판매한다. 두부 전문점이지만 제주 무항생제 돼지고기 보쌈과 자연산 우럭찜도 이곳의 별미다.","황금콩밭'에서는 소백산 일대에서 자란 콩과 한우, 제주도산 무항생제 돼지고기, 통영 이끼섬에서 조업한 멸치를 비롯해 자연산 전갱이와 우럭 등을 직접 받아 사용합니다. 식재료 조달은 대부분 생산자와의 직거래를 통해 이루어지며, 두부와 김치는 매일 아침, 청국장은 이틀에 한 번씩 만들어 손님상에 올립니다. 남은 콩비지는 철저히 분리한 뒤 농장으로 보내 사료로 이용하고 있습니다."
라연,3,,"중구 동호로 249, 신라호텔 23층, SEOUL, 대한민국",한식,"품격 있는 한식 정찬을 선보이는 라연은 전통 한식을 현대적인 조리법으로 세련되게 표현해낸다. 전망 좋은 신라호텔 23층에 자리해 시원한 남산 경관을 감상할 수 있는 이곳은 한국의 전통 문양을 활용한 기품 있는 인테리어가 인상적이다. 우아하고 편안한 식사 경험을 제공하기 위해 구비한 고급 식기와 백자를 형상화한 그릇은 레스토랑이 지향하는 또 다른 차원의 섬세함을 잘 드러낸다. 현대적으로 재해석한 메뉴에 와인을 조합해 즐길 수 있으며, 요구하지 않아도 세심한 배려가 돋보이는 서비스는 이곳의 또 다른 매력이다.",
구복만두,0,,"용산구 두텁바위로 7, SEOUL, 대한민국",딤섬,"한국인 남편과 중국인 아내가 운영하는 구복만두는 좋은 재료로 정성껏 빚은 맛있는 만두를 저렴한 가격에 즐길 수 있는, 가격 만족도가 훌륭한 식당이다. 이곳의 대표 메뉴는 뜨거운 기름에 노릇하게 구운 후 자작하게 물을 부어 수분이 모두 증발할 때까지 찌는 일명 ‘물에 튀긴 만두’다. 스테디셀러인 샤오롱바오와 통새우 만두에 김치 만두도 별미. 테이크아웃도 가능하며, 주류는 판매하지 않는다.",
에그 앤 플라워,0,,"용산구 신흥로 26길 35, SEOUL, 대한민국",이탤리언,에그 앤 플라워'는 그 이름처럼 계란과 밀가루만을 이용해 직접 만드는 생면 파스타 전문점이다. 입구에 들어서면 밀가루 포대와 제면기가 제일 먼저 눈에 들어온다. 해방촌의 복잡한 골목 안에 위치해 있지만 내부의 테라스와 탁 트인 통창으로 보이는 이태원의 뷰가 아름다운 곳. 당일 만드는 생면과 함께 고추장과 액젖 등을 사용해 만든 흑돼지 라구를 비롯해 부라타 치즈와 구운 감태 등 한국적 색채를 가미한 이탈리안 파스타를 경험할 수 있다.,
금돼지식당,0,,"중구 다산로 149, SEOUL, 대한민국",바비큐,"신당동 길가에 자리한, 흰색 타일에 황금색 간판이 눈에 띄는 금돼지식당은 식사 시간이 아닌데도 문밖으로 길게 줄 서 있는 풍경이 낯설지 않을 만큼 인기가 높다. 이곳의 대표는 살코기의 풍부한 육즙, 탄력 있고 쫄깃한 식감, 그리고 지방의 풍미가 잘 살아 있는 돼지 품종을 찾기 위해 오랜 시간을 투자했는데, 그 답은 요크셔와 버크셔, 그리고 듀록 돼지의 교배종인 YBD 돼지에 있었다고 한다. 갈비뼈가 붙어 있는 본삼겹과 등 목살 등의 특수 부위를 연탄불에 달군 주물 판에 구우면 고기가 타지 않고 맛있게 익는다. 그 흔한 돼지고기지만, 한번 맛보면 절대 잊을 수 없을 것이다. 예약은 받지 않는다.",
정육면체,0,,"서대문구 연세로 5다길 22-8, SEOUL, 대한민국",국수,"정육면체(情肉麵體)'는 각각 '마음'과 '고기', '국수', '식당'을 뜻하는 한자를 조합해 만든 이름이다. 오로지 다양한 면 요리를 선보이고 싶어 친구들끼리 의기투합하여 만든 작은 공간이다. 사골과 소고기를 장시간 고아 만든 육수가 베이스인 우육면, 땅콩과 깨를 갈아 넣은 고소한 즈마장을 곁들인 깨부수면이 이곳의 간판 메뉴다. 현재는 동남아식 면 요리와 중식 위주의 메뉴를 제공하고 있지만, 점차 다른 문화권의 면 요리도 선보일 예정이라고 한다. 식당에서 직접 뽑은 생면의 쫄깃한 식감이 돋보이는 재기 발랄한 면 요리를 즐길 수 있는 곳이다. 전 좌석이 오픈형 주방을 에워싸고 있는 카운터석이다.",
안씨 막걸리,0,,"용산구 회나무로 3, SEOUL, 대한민국",한식,"식사에 술을 곁들이는 '반주'라는 한국적 표현이 잘 어울리는 안씨 막걸리. 이곳의 매력은 획일적인 한국식 주점에서 탈피하여 전통적이지만 모던하고 세련된 감각의 한식이 부상하는 시대에 발맞추어 '한국 술집'의 방향성을 잘 표현하고 있다는 점이다. 계절 변화에 맞춰 제공되는 맛깔스러운 한국 요리와 안줏거리들, 여기에 시간과 함께 익어가는 한국의 술까지 편하게 즐길 수 있는 매력적인 곳이다. 가벼운 식사는 물론이고 흥겨운 술자리를 위한 장소로도 손색이 없다. 고객의 다양한 목적에 맞게 즐길 수 있는 레스토랑이다.",
역전회관,0,,"마포구 토정로 37길 47, SEOUL, 대한민국",불고기,"1962년에 '역전식당'으로 시작해 90년대에 '역전회관'으로 상호를 변경한 50년 전통의 한식 레스토랑. 이곳의 명물은 국물 없이 바삭하게 즐기는 바싹 불고기로, 메뉴명을 특허청에 등록한 바싹 불고기의 원조라 할 수 있다. 활활 타오르는 센 불에 구웠지만 촉촉한 육즙과 부드러운 식감이 그대로 살아 있는 고기에 달지 않은 양념 맛이 일품으로 보통 맛과 매운맛 중 선택이 가능하다. 이곳은 4층 건물 전체를 사용하므로 넓은 공간에서 편안한 식사를 즐길 수 있지만 그래도 저녁 시간에는 예약하고 올 것을 추천한다.",
야키토리 묵,0,,"마포구 성미산로 165-1, SEOUL, 대한민국",야키토리,"고즈넉한 연남동에 위치한 야키토리 전문점. 실내에 들어서면 길게 펼쳐진 카운터 테이블과 오픈형 주방, 그리고 그 중심에 있는 화로 앞에서 연신 숯불과 짚불을 이용해 구이에 집중하는 김병묵 셰프를 볼 수 있다. 화로를 비추는 밝은 조명 아래의 셰프는 마치 무대에서 독백을 하는 배우처럼 강렬한 시각적 흡입력을 보여준다. 그는, “신선한 토종닭을 매일 손질하며, 최고급 비장탄에 구워 즉시 손님에게 제공한다.”는 본질에 집중한다. 셰프가 추구하는 그 본질이야말로 야키토리 묵의 가장 큰 매력이다. 1부와 2부로 나누어 오마카세만을 제공하기 때문에 예약은 꼭 필요하다.",
툭툭 누들 파이,0,,"마포구 성미산로 161-8, SEOUL, 대한민국",타이,"현지에서 경험할 수 있는 정통의 맛을 국내에서도 즐길 수 있다는 것은 참으로 반가운 일이다. 임동혁 사장과 태국인 셰프가 의기투합해 오픈한 툭툭 누들 타이는 바로 이러한 취지로 탄생한 태국 음식 전문점이다. 이곳에선 레몬 그라스와 고수, 라임과 코코넛 밀크 등 태국 음식에서 빠질 수 없는 재료를 이용해 특유의 시큼 달달한 맛의 음식을 선보인다. 셰프의 넉넉한 인심과 태국 현지의 분위기를 느낄 수 있어 더욱 매력적인 이곳에서 파란색 툭툭(Tuk Tuk)과 함께 이국의 정취를 느껴보길 바란다.",
베이스 이즈 나이스,0,,"마포구 도화 2길 20, SEOUL, 대한민국",베지테리안,"채소 친화적 레스토랑인 베이스 이즈 나이스. 이곳의 주인장인 장진아 대표는 레스토랑 컨설턴트와 푸드스타일리스트, 식음 기획자로 꽤 긴 시간을 해외에서 활동하였다. 이곳의 내추럴한 분위기와 채소를 중심으로 풀어낸 균형 잡힌 요리에는 그녀의 이런 경험이 오롯이 담겨 있다. 채소를 이용한 덮밥 스타일의 메뉴와 정갈하게 차려낸 국과 반찬은 깔끔하면서도 맛이 일품이다. 주인장의 표현처럼 이곳은 채식에 대한 의식적 접근이 아닌 자연스러운 채소 식생활과 일상 속의 미식을 경험할 수 있는 메뉴를 지향한다. 1인 운영 레스토랑이라 예약 손님만 받고 있으니 방문 전 예약은 필수다.",
모수,2,,"용산구 이태원로 55가길 45, SEOUL, 대한민국",이노베이티브,"다양한 문화가 공존하는 샌프란시스코에서 보여주었던 음식과 차별화된 다양성을 선보이는 한남동 모수. 안성재 셰프는 재료의 섬세한 뉘앙스를 감각적으로 표현해내는 장기를 지니고 있다. 1스타 모수 샌프란시스코에서 선보였던 우엉 메뉴는 어머니가 만들어주시던 반찬에서 영감을 얻은 요리로, 얇게 깎은 우엉에 시럽을 발라 말리는 과정을 수차례 반복해 바삭한 식감을 자랑한다. 섬세하고 단아한 이곳의 요리와 잘 어울리는 와인 페어링 또한 근사한 다이닝 경험을 선사할 것이다.",
마포옥,0,,"마포구 토정로 312, SEOUL, 대한민국",설렁탕,"고기와 국물을 선호하는 한국인에게 설렁탕만 한 음식이 또 있을까? 서울 설렁탕 중에서도 마포식 설렁탕은 국물이 뽀얗지 않고 맑은 편이다. 1949년에 개업한 마포옥은 양지와 차돌박이, 사골로 곤 진한 국물에 두툼하게 썬 양지머리를 푸짐하게 올려 제공한다. 국물에 밥을 토렴해 내는 것도 이 집의 특징인데, 무엇보다 소고기 국물의 고소한 감칠맛과 달달한 밥의 조화가 일품이다. 여기에 배추 겉절이, 파김치, 깍두기 등 다양한 김치를 제공한다. 이 외에도 차돌 수육을 넉넉하게 얹어주는 차돌탕도 추천한다.",
윤서울,1,,"마포구 홍익로 2길 31, 2층, SEOUL, 04055, 대한민국",한식,"홍대입구역 인근의 화려한 거리를 지나 좁은 골목에 접어들면 개조된 주거용 주택 2층에 레스토랑 '윤'이 있다. 연구소를 모티브로 디자인한 공간은 셰프가 수집해온 다양한 조리 도구들과 숙성 중인 식재료들로 가득하다. 이곳의 한식은 익숙하면서도 과감한 도전이 느껴지는 독특함이 있다.  특히 자가 제면 들기름 면과 자체 숙성한 생선을 활용한 요리에서 셰프가 추구하는 한식의 방향성을 엿볼 수 있다. 기존의 고급스러운 한식의 매력과는 다른, 정교하면서도 거침없는 한식의 매력을 경험해 보기를 바란다.",
교양식사,0,,"용산구 이태원로 238, SEOUL, 대한민국",바비큐,"상호에서부터 궁금증을 유발하는 이곳은 이태원에 자리하고 있는 삿포로식 양갈비 전문점이다. 호주에서 10개월 미만의 양고기를 공수받아 어린 양 특유의 고소한 풍미와 부드러운 식감이 살아 있다. 기름기가 적고 고소한 프렌치 랙, 쫄깃한 갈빗살, 그리고 부드러운 알등심의 세 가지 부위를 맛볼 수 있다. 닭 육수를 베이스로 다양한 채소를 구워 곁들인 수프 카레와 향긋한 마늘밥 또한 꼭 먹어봐야 하는 메뉴다. 세련된 인테리어가 돋보이는 이곳은 다이닝 룸을 제외하면 10석 남짓의 바 좌석밖에 없기 때문에 예약은 필수다.",
소설한남,1,,"용산구 한남대로 20길 21-18, 지하1층, SEOUL, 대한민국",한식,"한 편의 소설(小說) 같은 한식. '서울의 현 시대를 반영한 한식(SO SEOUL)'이라는 중의적 의미를 갖고 있는 '소설한남'은 소박하고 정갈한 한식을 현대적으로 재해석하는 곳이다. 맛의 조화가 곧 한식의 매력이라고 생각한다는 셰프는 한국인에게 너무 익숙하기 때문에 감동적인 식사를 제공하기 어려울 수 있는 무침, 지짐, 찜 등의 요리를 친숙한 재료를 활용해 만들어 낸다. 다시마 부각과 청국장, 곰취와 묵은지를 곁들여 먹는 생선회를 비롯해 숯불구이 주꾸미와 닭 요리도 별미이다. 전통주 페어링도 다양하게 경험해 볼 수 있다.",
진진,0,,"마포구 잔다리로 123, SEOUL, 대한민국",중식,"중식의 대중화를 위해 40년 동안 힘써온 왕육성 셰프의 차이니즈 레스토랑. 방대한 메뉴가 일반적인 중식당의 패러다임에서 벗어나 10 가지의 단출한 메뉴를 선보이는 이유는 맛과 품질을 일관되게 유지하기 위해서라고 한다. 고품격 요리를 합리적인 가격에 맛볼 수 있는 진진의 대표 메뉴로는 멘보샤, 대게살 볶음, 마파 두부, 카이란 소고기 볶음 등을 꼽을 수 있다. 현재 서교동 본점 외에 여러 곳의 분점을 운영하고 있다.",
옥동식,0,,"마포구 양화로 7길 44-10, SEOUL, 대한민국",돼지국밥,"돼지국밥에 대한 선입견을 완전히 뒤엎어버린 옥동식. 이곳의 돼지국밥 또는 돼지 곰탕은 지리산 버크셔 K 흑돼지의 앞다리와 뒷다리 살만을 고아 육수가 유난히 맑은 것이 특징이다. 한소끔 김을 뺀 밥과 80%만 익혀 얇게 썬 고기를 방짜유기에 담은 후 뜨거운 육수를 부으면 고기는 마저 익고, 육수는 더 깊게 우러나 담백하면서도 진한 감칠맛을 낸다. 특곰탕은 고기 양이 두 배다. 10석밖에 없는 작은 공간에 1일 100그릇만 한정 판매하고 있으니 방문을 서두르기 바란다.",
오레노 라멘,0,,"마포구 독막로 6길 14, SEOUL, 04072, 대한민국",라멘,"국내에서 외국 음식의 대중화는 곧 현지화의 성공을 의미한다. 진입 장벽이 낮은 대중음식의 경우 더욱더 그러하다. 신동우 셰프는 오랜 시간에 걸쳐 축적한 라멘 비즈니스 노하우로 정통성과 대중성이라는 두 마리 토끼를 모두 잡았다. 진한 닭 육수가 매력적인 토리파이탄과 깔끔하면서도 깊은 맛을 자랑하는 쇼유 라멘에서 그가 추구하는 색깔이 뚜렷이 드러난다. 신 셰프는 라멘의 생명인 육수와 면을 매일매일 만들어내며 끊임없는 테스팅으로 품질 유지에 심혈을 기울인다. ""스스로에게 떳떳한 라멘을 만들고 싶다""는 그의 말에서 자부심이 엿보인다.",
교다이야,0,,"마포구 성지길 39, SEOUL, 대한민국",우동,"합정역 근처의 조용한 주택가에 들어서면 나무 도마에 탁탁탁 작두날 튕기는 소리가 경쾌하게 들려온다. '형제의 집'을 뜻하는 교다이야는 두 형제가 운영하는 우동 전문점이다. 이곳에선 주문이 들어오는 대로 면을 써는 것을 원칙으로 한다. 면을 만들어놓으면 수분이 증발해 사누키 우동 특유의 매력을 느낄 수 없기 때문이다. 탱글탱글한 동시에 쫄깃하며 매끄러운 사누키 우동 면발, 정어리 훈제 포와 연간장으로 맛을 낸 시원한 감칠맛의 국물. 늘 한결같은 이곳의 우동 맛은 두 사장의 뚝심 있는 모습과 닮아 있다.",
합정옥,0,,"마포구 양화로 1길 21, 2층, SEOUL, 대한민국",곰탕,"합정옥의 시작은 시아버지께서 손수 끓여 드시던 곰탕과 수육 맛에서 비롯됐다. 시아버지가 훗날 대표가 된 며느리에게 ""곰탕집 한번 차려볼까?""라고 말한 것이 계기가 되어 오늘에까지 이르게 된 것. 진한 국물과 은은한 육 향, 토렴해 내오는 달달한 밥과 야들야들한 소고기, 그리고 내포까지, 이곳 음식은 푸짐함을 미덕으로 삼고 있다. 또한 구수한 된장국에 달큰한 배추속대를 넣어 끓인 속댓국의 시원한 맛도 일품이다. 하루에 탕 100인분 정도만 준비하며, 재료 소진 시엔 영업을 종료한다.",
팩피,0,,"성동구 왕십리로 136, SEOUL, 대한민국",이탤리언,가족의 영향으로 어린 시절부터 자연스럽게 요리 인생을 꿈꿔온 이종혁 셰프. 국내외에서 다양한 경험을 쌓은 그가 팩피를 오픈하며 셰프로서 새롭게 출발했다. 이곳에선 대중적인 파스타 장르를 자신만의 창의적인 감성으로 풀어낸 간결하면서도 개성 넘치는 메뉴를 선보인다. 오픈 주방에서 고객과 소통하며 요리하는 순간이 무척이나 행복하다는 이 셰프. 팩피를 찾는 모든 고객이 편안하고 행복하게 식사를 즐길 수만 있다면 그걸로 만족한다는 그의 바람이 잘 투영된 공간이다.,
정인면옥,0,,"영등포구 국회대로 76길 10, SEOUL, 대한민국",냉면,"좋은 품질의 식재료와 변함없는 맛에 대한 정인면옥 대표의 고집이 냉면 한 그릇에 고스란히 담겨 있다. 북한 출신 부모님의 존함에서 한 자씩 따온 식당 이름도 전통을 계승하고자 하는 그의 의지의 반영이다. 2014년, 서울 여의도로 이전 오픈한 이곳은 현재 광명시에 있는 정인면옥과는 별개로 운영되고 있다. 직장인들이 많은 여의도에 위치한 까닭에 점심시간에는 어느 정도 대기 시간을 감안해야 한다. 아롱사태 수육, 암퇘지 편육과 접시 만두는 반 접시만도 주문이 가능하다.",
삼청동 수제비,0,,"종로구 삼청로 101-1, SEOUL, 대한민국",수제비,"삼청동의 역사와 떼려야 뗄 수 없는 삼청동 수제비는 1982년 영업 개시 이래 한자리를 꾸준히 지켜오고 있다. 이곳은 동네 만년 단골손님은 물론 입소문을 듣고 찾아오는 손님들 덕에 늘 문전성시를 이룬다. 이곳의 대표 메뉴인 잡내 없는 깔끔한 멸치 육수에 띄운 얇게 떼어낸 수제비는 부드러운 맛을 자랑하며, 100% 감자만을 이용해 만든 쫄깃한 감자전 또한 또 다른 인기 메뉴다. 줄 서서 기다리기 싫다면 가장 붐비는 정오부터 오후 2시 사이는 피하는 것이 좋지만, 그래도 언제나 늘 만원이다.",
미미 면가,0,,"강남구 강남대로 160길 29, SEOUL, 대한민국",소바,"재치 있는 소바 요리로 손님들의 발길이 끊이지 않는 미미 면가. 이곳의 메밀 면은 쫄깃한 식감을 자랑하는데, 메밀 함량 3할이라는 파격적인 비율 덕분이다. 그럼에도 불구하고 메밀의 구수한 풍미가 살아 있는 것을 보면 장승우 셰프의 노력과 고민의 흔적이 엿보인다. 이곳은 기본이 탄탄한 자루소바 외에도 형식에 구애받지 않는 다양한 메뉴가 인상적이다. 국수 한 그릇의 온도, 국물과 고명에 따라 각각의 개성이 뚜렷한 소바 요리를 즐기고 싶다면 미미 면가로 향하자.",
화해당,0,,"영등포구 국회대로 62길 15, 1층, SEOUL, 대한민국",게장,"한자어로 '꽃게집'을 뜻하는 화해당은 태안에서 유명한 간장게장 집의 첫 번째 서울 분점으로, 국회의사당 근처로 새롭게 이전했다. 매년 봄, 통통하게 살이 오른 꽃게를 급랭 시켜 1 년 내내 사용한다. 채소 육수와 양조간장을 혼합하여 만든 이 집만의 특제 간장은 인공 조미를 첨가하지 않은 깊은 맛을 자랑하고, 단맛 나는 게살의 식감 또한 탱탱한 것이 일품이다. 모든 게장은 이틀에 한 번꼴로 태안에서 공급받으며, 탱글탱글한 어리굴젓 역시 태안에서 올라온다. 갓 지어 나오는 솥 밥에 게장을 얹어 향긋한 감태에 싸 먹으면 어느새 밥 한 그릇이 뚝딱 없어진다. ",
하네,1,,"강남구 언주로 172길 14, SEOUL, 06017, 대한민국",스시,"계절의 순리를 따르는 우수한 자연산 식재료를 맛본다는 건 미식의 큰 즐거움 중 하나이다. 자연산 식재료 사용을 고집하는 최주용 셰프의 스타일이 잘 구현된 '스시 하네'가 그런 즐거움을 만끽할 수 있는 레스토랑이다. 스시 하네에서는 재료의 선별부터 고객에게 스시 한 점을 건네는 일까지, 일련의 과정에서 셰프의 의도가 느껴지지만 요리 자체만으로도 특유의 매력을 즐기기에 충분하다. 전통적 소재들을 현대적으로 표현한 세련되고 고급스러운 다이닝 공간에서 즐기는 스시는 무척 즐거운 다이닝 경험이다.",
꿉당,0,,"서초구 강남대로 615, SEOUL, 대한민국",바비큐,돼지 목살 전문점 '꿉당'. 신사역 바로 앞에 위치한 꿉당은 15일간 숙성한 목살이 주 메뉴다. 직접 제작한 알루미늄 불판과 비장탄 위에서 빠르게 구워 낸 고기는 풍부한 육즙과 부드러운 지방이 일품이다. 일식 셰프의 컨설팅을 받았다는 쌀밥에 고추냉이를 곁들여 스시처럼 만들어 먹으면 육즙이 밴 부드러운 밥맛을 맛볼 수 있으니 꼭 함께 주문할 것.,
만두집,0,,"강남구 압구정로 338, SEOUL, 대한민국",만두,"고급 레스토랑이 즐비한 청담동 근방에서 30년 동안 만두 하나로 외길을 걸어온 만두집. 소박하고 정갈한 평안도 스타일의 만둣국이 이 집의 대표 메뉴로, 레스토랑의 내부 또한 아담하고 깔끔하다. 돌아가신 어머니의 가업을 계승한 현 대표는 많은 이들의 사랑을 받았던 어머니의 손맛을 묵묵히 지켜내고 있다. 정성 들여 빚은 이곳의 만둣국은 깔끔하면서도 감칠맛 나는 양지머리를 삶은 육수에 매콤한 양념을 얹어 내므로 혹 매운맛을 선호하지 않는다면 주문 시 양념을 빼달라고 부탁하면 된다.",
현우동,0,,"강남구 논현로 149길 53, SEOUL, 대한민국",우동,삼전동 시절 이미 유명세를 떨쳤던 우동의 달인 박상현 셰프의 논현동 우동 전문점 겸 제면소. 통통한 우동 면발을 한입 가득 베어 물면 매끈하면서도 탄력 있는 사리의 기분 좋은 식감과 씹을수록 은은하게 퍼지는 단맛을 동시에 즐길 수 있다. '현우동'의 대표 메뉴는 '덴푸라 붓카케' 우동이다. 굵직하고 탱탱한 면발과 갓 튀겨 낸 바삭하고 폭신한 튀김이 감칠맛 가득하면서도 섬세한 쯔유와 절묘한 조화를 이룬다.,
고료리 켄,1,,"강남구 언주로 152길 15-3, 2층, SEOUL, 대한민국",컨템퍼러리,"요리에 매진하는 셰프의 움직임 하나하나를 지켜볼 수 있는 여덟 석의 한정된 공간. 김건 셰프는 이 새로운 공간에서 고료리 켄의 2막을 열었다. 직접 발로 뛰어 선별한 신선한 재료에 창의적인 아이디어와 현대적인 조리법이 더해진 김건 셰프의 요리에는 고료리 켄이 꾸준히 지향해온 정체성이 담겨 있다. 늘 신선한 양질의 재료를 고객에게 제공하기 위해 모든 재료를 당일 소진한다는 셰프의 원칙에서 신뢰감을 느낄 수 있다. 한결같은 맛과 정성이 손님을 맞는 기본 자세라고 생각하는 김건 셰프, 그의 요리를 즐기기 위해 예약은 필수이다.",
소이연남마오,0,,"강남구 도산대로 53길 30, SEOUL, 대한민국",타이,"소이연남마오'는 태국 음식 전문점 '소이연남'에서 운영하는 또 다른 음식점이다. '취하다'를 뜻하는 태국어 '마오'를 붙여 내추럴 와인을 즐길 수 있는 차별화된 공간이라는 점을 부각시켰다. 1층에서는 면과 쌀 요리 등 간단한 식사 주문이 가능하고, 2층에서는 와인과 함께 곁들일 수 있는 다양한 요리를 만날 수 있다. 태국 특유의 강렬한 맛과 향이 와인과 잘 어울릴까 의구심이 들 수도 있겠지만, 감칠맛과 산미가 두드러지는 내추럴 와인은 개성 강한 태국 음식과 좋은 궁합을 이룬다. 숯불의 풍미가 매력적인 부드러운 닭꼬치, 매콤달콤 항정살 구이, 속을 알차게 채워 바삭하게 튀겨 낸 태국식 춘권 뽀삐아, 똠얌 누들 등이 인기 메뉴다.",
가온,3,,"강남구 도산대로 317, 호림아트센터 M층, SEOUL, 대한민국",한식,"가온은 오래전부터 이어져온 전통 한식의 지혜를, 한국의 자연에서 얻은 식재료에 담아 요리로 만들어낸다. 이 과정을 주도하는 셰프는 음식에 대한 남다른 해석과 음식 연구에 대한 확신을 통해 가온에서만 경험할 수 있는 한식의 맛을 고객에게 전달한다. 가온을 이끄는 김병진 셰프와 한식 문화에 대한 자부심을 다양한 활동으로 표현해온 광주요의 하모니는 이러한 방식으로 현대적인 한식의 특징을 보여주고 있다. 정적이고 차분한 분위기가 어우러진 우아한 다이닝 공간과 서비스도 가온의 음식과 좋은 궁합을 자랑한다. 넓게 확장된 다이닝홀에는 각종 모임이나 비즈니스에 적합한 별실이 마련되어 있어 손님들에게 편안한 식사 환경을 제공한다.",
정식당,2,,"강남구 선릉로 158길 11, SEOUL, 대한민국",컨템퍼러리,"모던 한식 파인 다이닝을 개척한 장본인이라 평가받는 임정식 셰프는 자신의 이름을 내건 정식당 서울과 정식당 뉴욕을 통해 새롭고 창의적인 한식을 세계에 알리고 있다. 김밥, 비빔밥, 구절판, 보쌈 등 대중들이 친근하게 여기는 다양한 한식 요리에서 영감을 얻어 재해석한 독창적인 메뉴는 한국인에게 익숙한 맛을 기발하게 풀어내는 방식으로 한식의 맛과 멋을 동시에 만족시킨다. 독특한 디저트와 훌륭한 구성의 와인 리스트, 그리고 배려심 깊은 서비스 등 즐거운 식사를 위한 요소들이 두루 갖춰진 곳이다.",
코지마,2,,"강남구 압구정로 60길 21, 분더샵 6층, SEOUL, 대한민국",스시,"조용하고 차분한 공간에서 오롯이 스시에만 집중할 수 있는 코지마. 재료 본연의 맛을 최대한 살리면서 샤리(밥)를 네타(생선)의 크기에 맞춰 소담하게 쥐어 주는 스시는, 박경재 셰프 본인의 모습과도 어딘가 닮아 있다. 꾸미지 않은 맛, 단순해 보이지만 여러 가지 맛이 담겨 있는 박 셰프의 스시는 매일 바뀌는 재료 본연의 맛을 최대한 끌어올려 풍부한 감칠맛을 보여 준다. 기품 있는 코지마의 스시를 맛보고 싶다면 예약은 필수다.",
라미띠에,1,,"강남구 도산대로 67길 30, 2층, SEOUL, 대한민국",프렌치,"2006년부터 ‘정성의 온기가 담긴 프렌치 퀴진’을 선보여온 장명식 셰프의 ‘라미띠에’. 변함없는 안정감을 보여주는 이 곳은 촉촉하게 쪄낸 완도산 전복에 전복 내장 에스푸마와 향긋한 마늘 퓨레, 셀러리 피클을 곁들인 전복 요리, 그리고 샤프란 향이 매력적인 리소토에 빵가루를 입혀 바삭하게 튀겨낸 아란치니는 라미띠에의 요리가 가진 특징을 잘 보여주는 시그니처 메뉴다. 오랜 시간이 흘러도 한결같은 셰프의 열정을 라미띠에의 요리에서 경험해 보기를 바란다.",
밍글스,2,,"강남구 도산대로 67길 19, 2층, SEOUL, 대한민국",컨템퍼러리,"따뜻한 여백의 미가 돋보이는 밍글스. 실내 디자인, 한국 음식의 정갈한 멋을 한층 더 살려 주는 도예 기물, 여기에 주방을 이끄는 강민구 셰프의 젊고 감각적인 재능까지, 다양한 전문가들의 감각과 감성이 하나의 공간에 모여 있다. 초창기부터 뚜렷한 한국적 색채를 기반으로 전통과 현대의 경계를 자유롭게 넘나들며 밍글스만의 맛과 멋을 창조해온 강민구 셰프는 새로운 공간에서 한 걸음 더 진화된 요리를 선보인다. 밍글스만의 독특한 매력은 전복 배추선과 어만두처럼 경계를 허무는 요리에서 정점을 이룬다. 김민성 매니저가 이끄는 서비스 팀의 배려 깊은 고객 응대 역시 레스토랑의 가치를 한층 더 높여 준다.",
권숙수,2,,"강남구 압구정로 80길 37, 4층, SEOUL, 대한민국",한식,"전문 조리사'를 뜻하는 '숙수'에서 착안해 이름 지은 '권숙수'는 권우중 셰프의 한식 레스토랑이다. 이곳에선 한식의 기본 맛을 좌우하는 장, 젓갈, 식초 등을 직접 담가 사용하는데, 이러한 정성이 권숙수만의 기품 있는 요리를 완성한다. 제철 식재료 중에서도 좀 더 진귀한 재료를 선별하고, 흔한 식재료일지라도 창의적인 조합을 통해 새로운 요리로 탄생시키는 권 셰프의 노력과 열정을 곳곳에서 발견할 수 있다. 좋은 음식을 위해서라면 일절 타협하지 않는 '숙수'의 고집이 고스란히 녹아 있는 이곳에서 한식의 깊은 맛을 느껴보길.",
알라 프리마,2,,"강남구 학동로 17길 13, SEOUL, 대한민국",이노베이티브,"늘 과감하고 창의적인 요리로 미식가들의 발길을 유혹하는 알라 프리마. 오픈된 주방이 한눈에 들어오는 넓은 카운터 테이블과 쾌적한 다이닝 홀, 그리고 프라이빗 다이닝 공간이 모던하게 펼쳐진다. 재료를 생명으로 여기는 김진혁 셰프의 요리는 깔끔한 소스, 맛의 밸런스, 그리고 계절 식재료들의 향연이라 할 수 있다. 와인뿐만 아니라 사케와도 잘 어울리는 이 곳의 모던 퀴진을 경험하려면 예약은 필수다.",
스시 마츠모토,1,,"강남구 도산대로 75길 5, SEOUL, 06015, 대한민국",스시,마츠모토 미즈호 셰프는 정통성을 로컬에서 표현하는 데 일가견이 있다고 손꼽힌다. 스시 마츠모토는 트렌디함을 추구하기보다 그가 일본 본토에서 익힌 스시 요리를 로컬에서 그대로 재현하는 데 많은 노력을 기울이고 있다. 샤리와 네타의 구성과 조합은 물론 손님을 접대하는 자세에서도 그러한 노력을 확인할 수 있다. 인상적인 츠마미 라인과 풍미의 강약이 자연스레 흐르는 니기리의 구성은 여전히 매력적이다. 그의 한국 복귀가 반가울 따름이다.,
스시 상현,1,,"강남구 선릉로 146길 33, SEOUL, 대한민국",스시,"같은 건물에서 이미 스시 레스토랑을 운영하고 있는 임상현 셰프가 본인의 이름을 걸고 1층에 새로 오픈한 스시 상현. 작은 공간에 6석의 카운터 좌석이 전부인 이곳은, 들어가는 문조차 버튼을 찾기 힘들 정도로 비밀스럽게 만들어졌다. 다양하고 화려한 재료의 츠마미를 비롯해 담백한 샤리와 네타가 우아한 밸런스를 보여준다. 과하지 않은 담백한 맛이 이곳만의 매력이다. 예약은 상층에 위치한 스시 쿠루미에서 가능하다.",
무니,1,,"강남구 도산대로 72길 16, SEOUL, 대한민국",일식,"화려한 청담동의 뒷골목에서 무심코 지나치기 십상인 일본 요리 전문점 ‘무니’. 현실적인 이유로 주방에서 일을 하기 시작했다는 김동욱 셰프는 처음부터 오로지 일식에만 집중했고, 나날이 커져가는 요리에 대한 갈증을 해소하기 위해 일본으로 떠났다. 가이세키의 정석이라고 표현하기에는 한계가 있는 것이 사실이다. 하지만 자신이 부지런히 수집해온 그릇에 제철 요리를 담아 계절감을 뚜렷하게 표현해 내는 등 그의 요리에는 전통적인 요소들이 녹아 있다. 일본 니혼슈 소믈리에(키키사케시) 자격증을 취득한 그에게 요리와 어울릴 만한 사케를 추천받는다면 한층 더 풍성한 다이닝을 경험할 수 있을 것이다.",
진미 평양냉면,0,,"강남구 학동로 305-3, SEOUL, 대한민국",냉면,"""유명 평양냉면 식당에서 쌓은 20년의 경험과 노력의 결과물이 바로 진미 평양냉면""이라 말하는 임세권 셰프. 고객이 만족할 만큼 맛있는 냉면을 만드는 것이 그의 첫 번째 목표이고, 언제 찾아도 한결같은 맛을 즐길 수 있게 일관성을 유지하는 것이 두 번째 목표라고 한다. 다른 어떠한 요소 없이 오직 맛으로만 승부하고 싶다는 그의 마음가짐에서 20년 냉면 장인의 고집스러움이 느껴진다. 냉면 외에도 편육, 제육, 불고기 같은 냉면집 단골 메뉴를 비롯해 접시 만두와 어복쟁반, 온면도 맛볼 수 있다.",
미토우,1,,"강남구 도산대로 70길 24, SEOUL, 대한민국",일식,"입구에 들어서는 순간부터 일본의 전통 요리집 분위기가 물씬 풍기는 '미토우'. 레스토랑의 단아한 인테리어가 권영운, 김보미 셰프의 정갈한 일본 요리와 조화를 이룬다. 미토우의 오마카세는 신선한 한국의 제철 식재료를 사용하기 때문에 메뉴가 매달 조금씩 달라진다. 가장 맛있는 식재료를 손님에게 대접하고자 하는 두 셰프의 끊임없는 도전 정신이 그대로 반영된 결과다. 미토우의 대표 요리는 국물 요리 오완과 솥밥이다. 일본에서 요리 공부를 하며 얻게 되었다는 진중한 수련의 자세와 겸손함, 그리고 정진의 마음가짐이 미토우의 완성도 높은 요리에 고스란히 담겨 있다.",
게방식당,0,,"강남구 선릉로 131길 17, SEOUL, 대한민국",게장,"흡사 소담한 카페테리아나 베이커리를 연상시키는 외관과는 달리 이곳은 게장 전문점이다. 패션 마케터 방건혁 대표와 25년간 게장 전문점을 운영해온 부모님의 합작으로 탄생한 게방식당에선 게장이라는 한식 메뉴를 보다 다양한 고객층에게 선보이고자 노력한다. 이곳엔 간장게장과 양념게장 세트뿐만 아니라 좀 더 먹기 수월한 게알 백반, 전복장 백반, 새우장 백반까지 다양한 메뉴가 준비되어 있다. 세트에는 기본적으로 밥과 국, 기본 반찬을 함께 제공하며, 테이크아웃도 가능하다.",
무오키,1,,"강남구 학동로 55길 12-12, 2층, SEOUL, 대한민국",컨템퍼러리,"남아프리카 공화국 방언으로 '참나무'를 뜻하는 '무오키'는 박무현 셰프의 우직한 성격을 그대로 반영한 곳이다. 세계 다양한 지역에서 요리 경험을 쌓은 박 셰프는 본인만의 스타일을 녹여낸 음식을 제공하고자 이곳을 오픈했다. 새로운 조리법으로 뻔하지 않은 맛과 질감의 조화를 표현해내는 것을 즐기는 그의 메뉴엔 재료에 대한 깊은 이해 없인 만들 수 없는 재미있는 요리들이 포함되어 있다. 7가지 방법으로 조리한 토마토, 5가지 방식으로 만든 당근 디저트, 그리고 제주식 갈치 호박국을 자신만의 방식으로 재해석한 요리 등이 그러한 예다. 그의 요리 세계가 궁금하다면 예약 후 들러볼 것.",
익스퀴진,1,,"강남구 삼성로 140길 6, SEOUL, 대한민국",컨템퍼러리,"장경원 셰프의 익스퀴진. 최대한 한국적인 재료를 사용하고 재료 각각의 개성에 초점을 맞춰 새로운 맛을 창조하고자 하는 셰프의 실험 정신이 그의 요리에 그대로 묻어난다. 레스토랑 내에서 직접 재배한 허브와 산지 직거래로 공급받는 싱싱한 재료로 만든 음식을 합리적인 가격에 제공한다. 점심 코스 메뉴와 저녁 코스 메뉴가 한 가지씩 준비되어 있고, 식재료나 주방 사정에 따라 메뉴가 수시로 변경된다. 공간이 아담한 만큼 예약은 필수다.",
테이블 포 포,1,,"서초구 사평대로 14길 11, 2층, SEOUL, 대한민국",컨템퍼러리,"테이블 포포는 충남 태안의 풍광을 맞고 자란 농산물과 계절에 따라 맛의 절정을 보여 주는 각종 해산물이 특징이다. 셰프는 고향에 대한 애정은 물론, 좋은 식재료를 고객에게 전하고자 하는 순수한 마음으로 태안의 우수한 식재료를 자신의 식탁에 옮겨 놓았다. 특히 태안에서 직접 농사를 짓는 셰프 가족의 노력이 셰프와 테이블 포포가 지향하는 로컬 푸드의 토대라 할 수 있다. 셰프는 자신의 노련한 솜씨를 가미하기도 하고 때로는 개입을 최소화하기도 하면서 태안의 식재료를 근사한 요리로 탈바꿈시킨다. 테이블 포포에서 태안의 풍미가 담긴 유러피안 퀴진의 매력에 빠져 보기 바란다.",
스와니예,1,,"서초구 반포대로 39길 46, 지하 1층, SEOUL, 대한민국",이노베이티브,"Contemporary Cuisine of Seoul'이라는 슬로건 아래 이준 셰프와 그의 팀이 선사하는 창의적인 요리를 만날 수 있는 스와니예. 전 세계 음식으로부터 영감을 얻은 요리를 선보이지만, 기본 바탕은 한국적인 것이 특징이다. 바 형태의 좌석에 앉아 셰프들의 서빙을 받으며 교감할 수 있는 것도 이곳의 남다른 즐거움이다. 주기적으로 바뀌는 메뉴를 '에피소드'라고 표현하는데, 고유한 주제의 각 에피소드는 마치 기승전결이 있는 한 편의 시를 감상하는 듯하다. 또한 각 에피소드에 맞는 와인 페어링도 세심하게 준비되어 있다.",
세븐스도어,1,,"강남구 학동로 97길 41, 4층, SEOUL, 대한민국",컨템퍼러리,"김대천 셰프의 요리는 시간이 흐를수록 더욱 다양해지고 그 깊이를 더해 간다. 7th Door의 요리에서는 셰프가 지향하는 한식의 방향성을 경험할 수 있다. 그는 한식의 특징인 발효와 숙성을 주제로 삼아 자신만의 노하우와 정성을 담아 요리에 쓰일 재료를 준비한다. 이러한 과정을 거쳐 음식이 고객의 테이블에 오르기까지 김대천 셰프의 집중력과 아이디어가 요리에 재치 있게 녹아들고, 셰프의 이런 재치와 위트가 식사와 식사 사이에 재미를 더한다. 맛의 5가지 표현과 요리의 주제인 발효와 숙성 그리고 셰프의 감각, 이 7가지 테마의 어우러짐은 미식의 즐거움을 기대하게 한다.",
코자차,1,,"강남구 학동로 97길 17, SEOUL, 대한민국",아시안,"한국인 셰프가 (KO) 만드는 일식과(JA) 중식의(CHA) 만남이라는 의미의 코자차. 신라호텔 출신의 최유강, 조영두 셰프가 의기투합하여 색다른 장르의 음식을 선보인다. 1950-1960년대 빈티지 조명과 가구로 꾸민, 독특한 분위기의 장소에서부터 중식과 일식이 번갈아 나오는 코스 요리까지, 코자차에서는 고정관념을 깨는 경험이 가능하다. 황후가 쓰던 비눗갑에 담아낸 전복 냉채와 진한 상탕 육수로 끓인 샥스핀 찜이 이곳의 시그니처 메뉴다. 셰프들이 음식 이야기와 함께 직접 테이블 앞에서 서빙하는 퍼포먼스도 볼 만하다. 코자차는 모두 단독실로만 이뤄져 있다.",
스바루,0,,"서초구 방배중앙로 21길 7, SEOUL, 대한민국",소바,"""소바의 본고장과 다름없는 맛을 구현하여 고객에게 최고의 소바를 제공하겠다.""는 철학으로 끊임없는 연구와 개발을 지속해온 강영철 셰프. 오랜 일본 생활에서 경험한 소바의 순수한 맛에 매료되어 지금까지 소바를 위한 한길을 걷고 있다. 강영철 셰프는 별도의 제면실을 두고 전통 방식으로 그날그날 소바 면을 뽑는데, 밀과 메밀의 비율을 2:8로 맞춘 니하치 스타일의 소바를 고수한다. 소바의 순수한 맛이 강점인 자루 소바를 비롯해 깊은 감칠맛의 오리 메밀과 들기름 메밀이 스바루에서 가장 인기 있는 대표 메뉴이다.",
양양 메밀 막국수,0,,"서초구 동광로 15길 10, SEOUL, 대한민국",메밀국수,"100% 순수 메밀만을 사용하고 주문을 받은 후에 제면 작업을 시작하는 것을 원칙으로 하는 것이 양양 메밀 막국수의 비결이라면 비결이다. 십 수년간 메밀 막국수 식당을 운영해온 이유도 대표 자신이 막국수를 너무 좋아해서라고. 메밀 막국수가 대표 메뉴지만 직접 담근 김치를 이용한 김치 비빔국수 또한 이곳의 별미다. 기본 상차림은 단출하지만 정성이 가득하고, 무엇보다 주력 메뉴인 막국수 맛이 변함없이 훌륭하다. 11월 김장철에는 열흘간 영업을 하지 않으니 참고하기 바란다.",
미나미,0,,"서초구 서초대로 58길 31-2, SEOUL, 대한민국",소바,일식 분야에서 다양한 경험을 쌓은 남창수 셰프의 소바 전문점 미나미. 무궁무진한 일식 요리 중 굳이 소바를 선택한 이유는 부지불식간에 메밀 면 특유의 은은한 매력에 빠졌기 때문이라고 한다. 그는 일식 소바의 오랜 역사와 전통을 존중하는 동시에 자신만의 개성이 묻어나는 다양한 소바 요리를 선보이고 있다. 그윽한 불 향의 간장조림 붕장어를 올린 아나고난방과 교토에서 직접 공수한 간장조림 청어를 올린 니신난방이 이곳의 대표 메뉴다. 소바 외에 생선구이와 튀김 요리 같은 단품 요리도 제공한다.,
팀호완,0,,"강남구 봉은사로 86길 30, SEOUL, 06165, 대한민국",딤섬,홍콩식 딤섬이 홍콩을 넘어 다양한 나라의 고객들이 즐기는 메뉴로 성장하는 데 크게 기여한 팀호완. 홍콩의 전통 딤섬 스타일을 지키면서 맛있고 합리적인 가격의 딤섬을 제공하고자 한 팀호완의 정책이 그러한 성장의 가장 큰 원동력이었다. 서울에 진출한 팀호완 역시 그 정책을 반영하듯 본연의 모습에 충실하다. 팀호완의 서울 본점인 삼성점은 110명의 고객을 모실 수 있는 넓은 규모와 넉넉한 주차 공간을 제공한다. 다양한 스타일의 홍콩식 딤섬을 즐기기에 더없이 좋은 레스토랑이다.,
피양콩 할머니,0,,"강남구 삼성로 81길 30, SEOUL, 대한민국",두부,"평양 출신의 할머니가 수십 년간 운영해온 비지 전문점 피양콩 할마니. 두부를 빼지 않은 되비지를 맛볼 수 있는 곳으로, '피양'은 평안도 사투리로 '평양'을 의미한다. 딸과 함께 운영하는 이곳에선 맷돌로 직접 간 콩만을 사용하며, 일체의 조미료를 넣지 않은 건강식을 선보인다. 콩비지와 피양 만두가 이곳의 대표 메뉴지만, 할머니가 옛날 방식을 고수하며 만들어내는 비지전골 또한 이 집의 역사를 느낄 수 있는 특별한 메뉴다. 반찬은 손님들이 먹고 싶은 만큼 덜어 먹을 수 있게 준비돼 있다.",
에빗,1,1,"강남구 도곡로 23길 33, SEOUL, 대한민국",이노베이티브,전 세계를 유랑하며 식재료를 탐구하고 요리와 팝업 경험을 쌓아온 호주 출신 요리사가 선보이는 맛은 어떨까? 한국의 식재료에 매료되어 서울에 정착했다는 조셉 리저우드 셰프에게 흔하고 식상한 재료란 존재하지 않는다. 한국인에게 익숙한 우렁이를 퓌레처럼 부드럽게 갈아 크림소스와 함께 깻잎에 올려 내는 '우렁이'나 직접 채취한 야생 버섯으로 만든 아이스크림 등 '에빗'의 메뉴는 리저우드만의 색다른 시각으로 재해석된 창의적인 요리로 가득하다. 식재료의 조리법에 대한 고정관념에서 벗어나고자 노력한다는 그의 요리는 정교하게 구성된 전통주 페어링과 함께할 때 더욱더 빛을 발한다.,
봉산옥,0,0,"서초구 반포대로 8길 5-6, SEOUL, 대한민국",만두,"서민들의 일상에 깊숙이 자리매김한 한국의 대표적인 대중음식 중의 하나가 바로 만둣국이다. 이곳의 윤영숙 대표는 황해도 사리원 출신의 시어머니를 통해 자연스럽게 황해도식 만둣국을 접하게 되었으며, 오랜 경험을 통해 터득한 깊은 맛을 고객들에게 전하고 있다. 그녀는 삼삼하고 깔끔한 맛의 만두소를 만들기 위해 오랫동안 시어머니의 비법을 고수하고 있다. 무엇보다 '고향의 맛 혹은 어린 시절 할머니가 만들어주셨던 만둣국 맛'이라는 평을 들을 때 뿌듯함을 느낀다는 윤 대표의 말에서 자부심이 느껴진다.",
백년옥,0,0,"서초구 남부순환로 2407, SEOUL, 대한민국",두부,"예술의전당 맞은편 도로변에 위치한 백년옥은 1992년 영업을 개시한 이래 많은 이들의 사랑을 받는 두부 요리 전문점이다. 세월이 고스란히 묻어나는 소박한 실내는 테이블석과 방석 자리로 나뉘어 있다. 두부 전문점답게 콩비지, 되비지, 신선한 순두부 등 여러 가지 수제 두부 요리를 선보인다. 손님들이 붐비는 식사 시간에 만석일 경우, 백년옥에서 운영하는 오래된 칼국수 전문점 목천집(앵콜 칼국수)으로 자리를 옮기는 것도 좋은 방법이다.",
임병주 산동 칼국수,0,0,"서초구 강남대로 37길 63, SEOUL, 대한민국",칼국수,"1988년에 문을 열어 30년 이상의 긴 역사를 자랑하는 임병주 산동 칼국수. 몇 달간의 공사를 거쳐 3층의 현대식 건물로 외양을 바꾸고 돌아왔다. 매일 신선한 재료로 직접 만들어내는 수제 칼국수를 찾는 사람들은 여전하다. 기분 좋은 쫄깃한 식감과 푸짐하게 들어간 조개에서 우러나온 시원한 국물 맛이 일품이다. 더불어 평양식 왕만두, 고소한 콩국수, 물고추를 갈아 만든 겉절이까지 여전히 맛있는 음식을 즐길 수 있다.",
비채나,1,1,"송파구 올림픽로 300, 롯데월드 타워 81층, SEOUL, 대한민국",한식,단아한 한식 다이닝을 선보이는 비채나. 이곳의 차별화된 맛은 시간과 정성이 깃든 장과 김치 등 가장 기본적인 것에서부터 시작된다. 현대적 이면서도 전통에 충실하며 고급스러운 메뉴에선 한식에 대한 셰프의 철학을 엿볼 수 있다. 여기에 전 세계에서 가장 높은 층에 위치한 한식 레스토랑에서 바라보는 서울 전경은 또 다른 즐거움이다.,
봉피양,0,,"송파구 양재대로 71길 1-4, SEOUL, 대한민국",,"벽제갈비에서 운영하는 봉피양의 본점으로 평양냉면과 돼지갈비가 유명한 곳이다. 하지만 봉피양의 명물은 뭐니 뭐니 해도 평양냉면이다. 무엇보다 진한 냉면 육수의 깊은 육 향과 은은한 향이 매력적인 순도 높은 메밀 면의 조화가 훌륭하다. 봉피양의 평양냉면이 지금의 명성을 얻기까지는 김태원 조리장의 숙련된 경험과 벽제갈비의 오랜 연구 및 노력이 있었다. 냉면의 특성상 계절을 타는 메뉴이기는 하나, 늘 문전성시를 이루는 곳이라 식사 시간엔 기다려야 할 수도 있다.",
